method,n,mean,median,std,var_5pct,var_2_5pct,var_1pct
unhedged,106,-9.380549382299908,-5.425189926050194,63.52008128066151,125.48193223658538,143.11923613166277,158.47768368866855
delta,106,0.4964428112060359,-14.60478203029399,29.377425244035933,25.081150453091126,30.076761688773267,31.328805927949603
volgan,106,3.8343004528689235,0.8864711517166484,8.399451715148714,0.8758581906795762,2.121698418903197,9.452897481259537
